0;0.10385979;0.63280254;0.83343063;0.70464998;0.13453581;0.40631863
1;0.57718465;0.65241597;0.57313822;0.79453262;0.46197842;0.91197706
2;0.94233912;0.34165867;0.62233942;0.13133033;0.37137961;0.98988612
3;0.73534307;0.07548162;0.03613665;0.08347167;0.4038871 ;0.66581963
4;0.26825867;0.85340896;0.30972167;0.53834272;0.06148864;0.08726424
5;0.09284703;0.81851424;0.16974671;0.93196887;0.84004769;0.39889427
6;0.53112189;0.51402535;0.66977893;0.19695858;0.096351  ;0.72794293
7;0.94846439;0.81072613;0.81769294;0.95785588;0.76780527;0.43508584
8;0.98431595;0.55646724;0.23130516;0.55220584;0.12163146;0.08085746
9;0.35213786;0.13049461;0.70598593;0.68529236;0.98333342;0.20210637
10;0.49221002;0.22546808;0.77191255;0.90027733;0.39860301;0.98127032
11;0.73749163;0.62084296;0.57301956;0.08814578;0.39006378;0.33392966
12;0.16231986;0.00137245;0.08141324;0.58453519;0.39034784;0.37275547
13;0.6030188 ;0.41871809;0.61606083;0.21579977;0.46258468;0.59747743
14;0.36832164;0.16556202;0.65221295;0.58263405;0.89239357;0.02580541
15;0.48036122;0.55134001;0.57808347;0.46212459;0.14604151;0.27055579
16;0.29808996;0.96151631;0.24420141;0.86248965;0.2121743 ;0.00742201
17;0.9357821 ;0.25738169;0.51778963;0.85779242;0.97930906;0.46375133
18;0.22753332;0.9488835 ;0.63657824;0.80219961;0.00938679;0.40257982
19;0.42479776;0.81525129;0.54363619;0.48580464;0.68563499;0.92310667
20;0.72667742;0.22715259;0.98949526;0.72126047;0.59660663;0.66281896
21;0.14903367;0.19864934;0.35916805;0.58119577;0.1736214 ;0.14567022
22;0.29158721;0.10599999;0.66154606;0.78134893;0.21133185;0.04465652
23;0.15034964;0.45374765;0.85375154;0.42240903;0.11328749;0.51262355
24;0.55850477;0.65620005;0.91899282;0.66674134;0.25711318;0.85940745
25;0.02436869;0.80709315;0.7315946 ;0.28867467;0.19557647;0.51864566
26;0.35923489;0.49563731;0.11536374;0.7590552 ;0.54007367;0.49298737
27;0.45516647;0.89589461;0.79316913;0.78725795;0.63686388;0.31546021
28;0.20288806;0.66799122;0.92407854;0.86012056;0.58405376;0.49128759
29;0.33156494;0.68672163;0.26919648;0.84363464;0.87290228;0.26031834
30;0.66795151;0.49995143;0.27975055;0.90554755;0.33163245;0.74985405
31;0.59353826;0.64403242;0.07352993;0.13251624;0.8247172 ;0.3066234 
32;0.03529165;0.88175595;0.31636123;0.29717953;0.69709959;0.70155493
33;0.05564947;0.8011479 ;0.49419292;0.9482961 ;0.28198644;0.98617112
34;0.47206346;0.06156457;0.98724445;0.43927019;0.96692244;0.23961122
35;0.33796764;0.85031102;0.30510592;0.17065282;0.26911016;0.71877487
36;0.79927397;0.6437331 ;0.95012703;0.73701616;0.87814716;0.85141514
37;0.08624861;0.09475125;0.13730153;0.53487652;0.21177991;0.03183083
38;0.77155542;0.13570251;0.93114801;0.82953096;0.65467843;0.0920259 
39;0.26836697;0.71868184;0.05247825;0.58041818;0.92536342;0.59470353
40;0.64473514;0.24912223;0.78586924;0.31700205;0.61135297;0.03679652
41;0.26711103;0.34115156;0.55451906;0.70139043;0.83852627;0.66540431
42;0.10303025;0.07886382;0.88659011;0.67711087;0.08994514;0.89941611
43;0.18297875;0.94061918;0.75032056;0.38166662;0.10892853;0.78566309
44;0.43283862;0.60752216;0.0590732 ;0.75842741;0.23454914;0.89287391
45;0.2236849 ;0.47066183;0.6887307 ;0.68887908;0.92046671;0.56404236
46;0.59450392;0.95235035;0.86949526;0.01264504;0.80550765;0.26312986
47;0.7397448 ;0.22675791;0.67450034;0.45096689;0.40273989;0.37926888
48;0.39340352;0.82846673;0.73697544;0.68428392;0.55497514;0.81471415
49;0.37942496;0.52091372;0.47432957;0.23583232;0.11914767;0.86941395
50;0.91119401;0.23554442;0.92718773;0.60721495;0.12002991;0.3035525 
51;0.91167605;0.83453392;0.78039931;0.56494139;0.38348482;0.80660828
52;0.60034116;0.11647027;0.87168029;0.4255619 ;0.51201517;0.92247638
53;0.65930078;0.37258853;0.59758759;0.67920251;0.22034394;0.14997732
54;0.89040637;0.63920593;0.30068389;0.62720025;0.02023233;0.69508811
55;0.79504683;0.10613971;0.36858065;0.00520394;0.91203091;0.40753944
56;0.79250009;0.2125737 ;0.69435834;0.45967569;0.46367731;0.38524788
57;0.70655905;0.98936533;0.05731732;0.75389888;0.80112634;0.32995879
58;0.90391302;0.18739527;0.55101008;0.35727276;0.99593841;0.12765778
59;0.85049416;0.58006955;0.68261321;0.33597013;0.57663271;0.50860967
60;0.20244375;0.82251282;0.44896639;0.02346938;0.2216566 ;0.10733223
61;0.87402135;0.15389569;0.72763526;0.74137491;0.36721631;0.87804207
62;0.39582846;0.18528908;0.8425086 ;0.86190209;0.58397685;0.01401862
63;0.46633464;0.72923316;0.40538425;0.97883213;0.1928553 ;0.0535678 
64;0.25702574;0.9013207 ;0.26649726;0.10440053;0.89952689;0.51775456
65;0.56434461;0.44836209;0.52548744;0.59264077;0.87458974;0.44744398
66;0.00128145;0.6883132 ;0.57866049;0.88531946;0.6214958 ;0.98820284
67;0.887182  ;0.80518571;0.58738731;0.97305624;0.42245632;0.22989299
68;0.20993102;0.68210389;0.26566745;0.03816462;0.52799967;0.46797354
69;0.40599102;0.91841885;0.82126216;0.65765317;0.18925607;0.70780561
70;0.13380208;0.02660379;0.74695352;0.30901242;0.39680595;0.54984962
71;0.11287449;0.25787321;0.17684645;0.90969411;0.23894962;0.22660302
72;0.43944511;0.91946341;0.11288259;0.53336834;0.91280502;0.83245744
73;0.44728343;0.67894679;0.54659554;0.59159261;0.78609783;0.31305623
74;0.97273565;0.33015121;0.86665133;0.18159358;0.26082818;0.74236054
75;0.78538328;0.4072413 ;0.42071719;0.30259569;0.93956754;0.46773174
76;0.67457863;0.69311234;0.30935262;0.78859718;0.4366318 ;0.11112888
77;0.13563957;0.34517579;0.61930153;0.01524247;0.60902648;0.7822205 
78;0.95263138;0.73565767;0.9923557 ;0.20325136;0.58427793;0.96963873
79;0.67804806;0.26438703;0.65349981;0.85341775;0.72477979;0.63940023
80;0.68763974;0.77902128;0.70735118;0.54281236;0.05382496;0.69912775
81;0.09430913;0.98456255;0.52254906;0.34307952;0.65803169;0.48059717
82;0.01226957;0.5509777 ;0.39480528;0.30376405;0.43605805;0.69343853
83;0.99206278;0.51337522;0.04816512;0.37393662;0.31135645;0.72888754
84;0.22619159;0.95148778;0.11576868;0.36955344;0.32900042;0.05398794
85;0.58729156;0.25314677;0.17843368;0.9262943 ;0.45223405;0.13444103
86;0.81580759;0.27603799;0.31742354;0.89841666;0.84298838;0.55949214
87;0.3687852 ;0.4119204 ;0.42424421;0.82869981;0.41406828;0.82835129
88;0.7592936 ;0.88103519;0.71363029;0.85757089;0.36981285;0.14708627
89;0.35306408;0.61268355;0.85613121;0.62236277;0.65874609;0.58215432
90;0.06771902;0.0051156 ;0.4207671 ;0.31571725;0.54811569;0.84080157
91;0.55076719;0.4658488 ;0.76148005;0.96345901;0.33548656;0.33318845
92;0.37429443;0.13465308;0.00496285;0.78901174;0.83355154;0.40386041
93;0.57895417;0.13456878;0.06675273;0.75604133;0.07237311;0.94563552
94;0.004722  ;0.98934471;0.9601054 ;0.97657422;0.45373999;0.76736592
95;0.236416  ;0.73432264;0.23791869;0.45031715;0.34047975;0.75502888
96;0.80498346;0.28257397;0.97929376;0.37231871;0.14410077;0.44549601
97;0.88159261;0.40292509;0.49828796;0.94873379;0.41851001;0.65757362
98;0.23184191;0.70869996;0.26142707;0.25327438;0.53024464;0.1329586 
99;0.88201865;0.11642997;0.49457388;0.20026043;0.29781049;0.96793221
100;0.11932305;0.01850637;0.74171654;0.8502292 ;0.80949644;0.94314916
101;0.04287853;0.24719688;0.21106294;0.72393326;0.93174019;0.74831869
102;0.26548694;0.0119362 ;0.13731517;0.55141426;0.52383108;0.86231421
103;0.36741291;0.88997821;0.77846188;0.96174805;0.23663325;0.71619   
104;0.91925204;0.95170158;0.06884466;0.23315072;0.4530905 ;0.18778046
105;0.03302222;0.55713006;0.87348491;0.09662326;0.43262596;0.36256037
106;0.42414609;0.78689306;0.21448954;0.27805166;0.14499425;0.77778211
107;0.16393269;0.77823634;0.46146918;0.33698011;0.49538813;0.5010738 
108;0.05075237;0.50889567;0.84702532;0.65226509;0.89876254;0.64203785
109;0.3445728 ;0.75588692;0.11215441;0.82753722;0.40203257;0.9176585 
110;0.83537486;0.9754123 ;0.5998949 ;0.0974064 ;0.39801527;0.16177935
111;0.83734949;0.1040705 ;0.54436495;0.61952357;0.62971828;0.61992106
112;0.3946823 ;0.75619394;0.50445622;0.71500185;0.84205422;0.80785098
113;0.44728285;0.52292934;0.667665  ;0.56103657;0.73173465;0.4068227 
114;0.14678916;0.23283377;0.77463827;0.55316331;0.09481844;0.00261062
115;0.83208388;0.17502152;0.19053014;0.31454903;0.40057643;0.19834387
116;9.80813985e-01;2.95940402e-04;7.28777284e-01;9.66858109e-01;3.65528056e-01;1.96331471e-03
117;0.4189881 ;0.75696701;0.54701138;0.17080136;0.00983907;0.16778208
118;0.43713786;0.65302611;0.26582418;0.26277579;0.91918186;0.27202717
119;0.35503098;0.61601336;0.81565188;0.21318148;0.38364612;0.376476  
120;0.93242636;0.08314156;0.6346786 ;0.55934802;0.72948273;0.69217464
121;0.77156299;0.73674423;0.23413569;0.27668759;0.96365162;0.45764579
122;0.57833019;0.00588887;0.11597399;0.55918768;0.00466012;0.99060958
123;0.68553712;0.56009836;0.9487457 ;0.14438176;0.3039105 ;0.60041289
124;0.43232124;0.77084243;0.63448736;0.40055826;0.05149004;0.19240411
125;0.5852565 ;0.80662153;0.682453  ;0.11113626;0.85129915;0.04246422
126;0.16388027;0.36706322;0.79500007;0.46911867;0.91158933;0.75744777
127;0.85565174;0.08197855;0.93520738;0.45003322;0.88875722;0.89190955
128;0.0208313 ;0.8923805 ;0.0655583 ;0.16299286;0.33374757;0.24538252
129;0.26927397;0.31227202;0.51142641;0.99871163;0.0898855 ;0.64280861
130;0.38779075;0.34903157;0.953749  ;0.35915519;0.51840716;0.77736869
131;0.81264491;0.46671966;0.72752829;0.16622491;0.98217285;0.03844825
132;0.44442096;0.40172637;0.55526169;0.10685646;0.3267086 ;0.96274941
133;0.56541003;0.68676437;0.41144043;0.3612869 ;0.88488044;0.43462627
134;0.43019735;0.2710111 ;0.73545579;0.46970272;0.4397751 ;0.5190248 
135;0.20353782;0.89381592;0.56622482;0.29354611;0.56955876;0.70804504
136;0.71281247;0.48128875;0.0013679 ;0.4478247 ;0.4893271 ;0.83990057
137;0.57258035;0.98652815;0.90376838;0.92407915;0.23098308;0.65767685
138;0.92691129;0.30934311;0.63883399;0.53131415;0.83512465;0.54859913
139;0.05763977;0.85878921;0.08480005;0.734501  ;0.41764125;0.28479756
140;0.61449194;0.64679869;0.30272034;0.68101541;0.08923156;0.22121992
141;0.72233477;0.16126242;0.94314188;0.7339183 ;0.1542296 ;0.40718907
142;0.25171302;0.34908148;0.20794099;0.99634336;0.34494593;0.35100633
143;0.52688161;0.71192118;0.67038314;0.18962805;0.77158229;0.25919098
144;0.70045584;0.95117263;0.81363732;0.89742382;0.15216182;0.22490911
145;0.47923981;0.9374205 ;0.66478667;0.55077058;0.23019106;0.13546159
146;0.49358072;0.26934044;0.34422604;0.12118304;0.82190106;0.76153101
147;0.33233261;0.79029647;0.84901088;0.48853927;0.45161833;0.08254057
148;0.05395672;0.36404987;0.10357589;0.73900539;0.44600718;0.28444233
149;0.9768434 ;0.23112267;0.3427534 ;0.64473115;0.3791123 ;0.30067805
150;0.34663448;0.743066  ;0.10491256;0.16280118;0.27928764;0.0717322 
151;0.7148637 ;0.39904998;0.55302313;0.57742035;0.99657063;0.40402469
152;0.1767419 ;0.5485673 ;0.41914715;0.94908994;0.2889138 ;0.99024734
153;0.36919053;0.43366506;0.42437974;0.32538081;0.77542689;0.8579394 
154;0.64210752;0.46817079;0.40806189;0.82433719;0.51084134;0.05837935
155;0.80267493;0.25765234;0.08422626;0.57958971;0.19238485;0.90405835
156;0.66254875;0.98518593;0.50416577;0.16952416;0.40795147;0.72746341
157;0.44262325;0.34551409;0.37387125;0.98807146;0.2955874 ;0.17155441
158;0.34176124;0.73685274;0.67439861;0.89328554;0.15803404;0.92033322
159;0.55594539;0.32875549;0.20688587;0.08319525;0.62403962;0.98464935
160;0.42146248;0.18559972;0.41091243;0.61357041;0.26104895;0.6601769 
161;0.93964439;0.45512499;0.36819987;0.1236823 ;0.33218545;0.7947774 
162;0.39404772;0.05805695;0.53695697;0.13383575;0.78613347;0.72658829
163;0.81089629;0.04005302;0.7656677 ;0.27176022;0.87558053;0.32713727
164;0.84560276;0.36325348;0.6964007 ;0.11106544;0.37948951;0.01245377
165;0.42670652;0.98768414;0.16537134;0.9479711 ;0.04390119;0.64519953
166;0.46747094;0.05907978;0.07035225;0.14986508;0.8908269 ;0.571151  
167;0.2202317 ;0.45601529;0.0698819 ;0.34080311;0.27795469;0.04587187
168;0.97578364;0.67456309;0.78305177;0.89797371;0.33902279;0.50011583
169;0.07485966;0.17271278;0.25035743;0.50920047;0.38327939;0.4998278 
170;0.59548882;0.26205245;0.71931144;0.26766171;0.16405324;0.02698968
171;0.90132001;0.76466466;0.15741792;0.37073897;0.91003894;0.85924626
172;0.26845015;0.53775684;0.09955856;0.70874594;0.42223687;0.77012201
173;0.6421932 ;0.48828381;0.56606293;0.07950462;0.65409537;0.07911971
174;0.90672619;0.3602741 ;0.85832311;0.71837048;0.70657849;0.981085  
175;0.16553119;0.29295458;0.57501731;0.62950854;0.51111957;0.43092664
176;0.1474102 ;0.01616817;0.09064033;0.59687547;0.76807103;0.6368655 
177;0.05878356;0.34496801;0.69621177;0.62174361;0.64255167;0.01379646
178;0.8731102 ;0.95285549;0.20402617;0.83334607;0.24746713;0.66025257
179;0.99700455;0.62663896;0.21374584;0.3021551 ;0.13267914;0.24153549
180;0.98945562;0.5441444 ;0.68698024;0.74072008;0.97993923;0.91574731
181;0.36618443;0.75560815;0.0810869 ;0.24984831;0.5952854 ;0.4091049 
182;0.39824572;0.20207442;0.50560152;0.0436828 ;0.14739576;0.08263124
183;0.08691441;0.89263981;0.31149688;0.33119344;0.35596449;0.30149972
184;0.41907173;0.48928219;0.73113367;0.19144426;0.33808247;0.33279961
185;0.34017426;0.40806695;0.49697005;0.14566238;0.29603884;0.6929466 
186;0.65541101;0.61704504;0.16317396;0.95990134;0.82788122;0.5305985 
187;0.11058368;0.28295179;0.57589086;0.47056206;0.2508223 ;0.31975855
188;0.70392148;0.34461783;0.90680127;0.80917515;0.30832813;0.38045928
189;0.82974674;0.16082603;0.02393013;0.47423634;0.72664882;0.07135039
190;0.48118248;0.45158834;0.29321353;0.1156925 ;0.33390435;0.00268896
191;0.85623893;0.88769956;0.47693802;0.22771144;0.15516604;0.1136254 
192;0.69691226;0.95145115;0.95034998;0.48484065;0.26364372;0.26928622
193;0.01021775;0.18641678;0.0353065 ;0.16412072;0.14787987;0.31413606
194;0.20275604;0.14572849;0.68282189;0.727695  ;0.61564484;0.84860826
195;0.48881133;0.83711541;0.79058237;0.10402394;0.7467601 ;0.50323479
196;0.89360089;0.20066238;0.65109866;0.80640611;0.33776506;0.96486625
197;0.38474423;0.16365602;0.67816643;0.78141921;0.24433611;0.56206555
198;0.02169444;0.12319655;0.67448509;0.58811913;0.75291092;0.31977262
199;0.145507  ;0.42567609;0.32772585;0.21555161;0.67086604;0.59906228
200;0.58310067;0.07997218;0.71690739;0.74360577;0.90384647;0.5086321 
201;0.74398982;0.83038254;0.54669465;0.97855506;0.79144837;0.77478193
202;0.3260253 ;0.11311076;0.83239444;0.49007644;0.98662931;0.42744129
203;0.1299388 ;0.15738389;0.51638985;0.27997378;0.14728394;0.62438186
204;0.83950498;0.99036375;0.23151717;0.73365391;0.7067549 ;0.53871396
205;0.24933148;0.9621758 ;0.94052543;0.87473052;0.89648115;0.45113321
206;0.35332605;0.3018752 ;0.05403094;0.79966627;0.91348145;0.06742373
207;0.26684714;0.08480289;0.53845194;0.20531319;0.60664155;0.72765688
208;0.12341993;0.98844898;0.75373443;0.00814843;0.1130037 ;0.39981229
209;2.34767561e-01;9.41719329e-01;1.02069678e-01;2.82803194e-01;2.93859213e-01;5.63321416e-06
210;0.32546934;0.55826105;0.66849587;0.0610371 ;0.24247994;0.68717662
211;0.64884654;0.24533162;0.05487361;0.33753595;0.46194045;0.29142505
212;0.89083752;0.42173396;0.07359273;0.73639085;0.10249147;0.4604148 
213;0.50599007;0.35511676;0.05844514;0.87254028;0.51555858;0.42541828
214;0.81112364;0.57741453;0.09027659;0.69458165;0.69074376;0.66358835
215;0.20112253;0.77633687;0.14284346;0.1781301 ;0.28199707;0.11654659
216;0.28987895;0.52622201;0.78319842;0.34279526;0.12364815;0.21481418
217;0.75543606;0.83225061;0.02007682;0.47554228;0.33827022;0.9498989 
218;0.81136138;0.88585839;0.73462452;0.49792069;0.81973207;0.54329548
219;0.87742016;0.49767964;0.46838498;0.90296564;0.64930104;0.14128657
220;0.77140448;0.17692859;0.54101544;0.27046844;0.11121566;0.39823812
221;0.78885195;0.28301523;0.62874613;0.5367461 ;0.1440543 ;0.04292744
222;0.75951432;0.38472723;0.97699096;0.45928086;0.2621485 ;0.63229532
223;0.73905067;0.02058506;0.89208249;0.81048063;0.77190054;0.09160205
224;0.69748486;0.63151426;0.62829631;0.09203564;0.40384657;0.38112571
225;0.18765784;0.7694207 ;0.93148458;0.83891899;0.90051681;0.33869604
226;0.58271916;0.75720489;0.35809728;0.80617875;0.86826418;0.40625575
227;0.00420854;0.27809401;0.02606226;0.62632685;0.5200284 ;0.29146431
228;0.5396132 ;0.51447081;0.40272091;0.89381394;0.06987603;0.36618976
229;0.31795539;0.83329243;0.40843658;0.97729425;0.78688595;0.41948671
230;0.57161323;0.24545415;0.41716771;0.3433013 ;0.2280265 ;0.16422736
231;0.07687196;0.05411061;0.04228272;0.17560757;0.27375623;0.14023726
232;0.34984513;0.83238945;0.42720607;0.73572351;0.16184616;0.59486872
233;0.58893804;0.50775351;0.93152674;0.67729663;0.2701303 ;0.71823187
234;0.67692541;0.31639832;0.22796864;0.15424061;0.45629365;0.38365626
235;0.62704182;0.6551938 ;0.27160391;0.29536011;0.91710155;0.16510364
236;0.69487401;0.03859396;0.74606034;0.12209245;0.3440543 ;0.23736238
237;0.08870551;0.18507801;0.73129774;0.98249454;0.4384422 ;0.56058621
238;0.93605994;0.97481206;0.00663128;0.58007037;0.65930585;0.34431074
239;0.56370004;0.58057763;0.81835821;0.25895747;0.75011841;0.69296967
240;0.59010828;0.1573723 ;0.0465851 ;0.70682312;0.25437748;0.45330534
241;0.06401867;0.51956822;0.40086787;0.02698158;0.54058939;0.64040862
242;0.69331655;0.74060712;0.38491604;0.18108608;0.87455018;0.06407771
243;0.89060325;0.62646636;0.47543185;0.08271434;0.2580637 ;0.13982418
244;0.15302311;0.76727414;0.90357408;0.31796951;0.52278388;0.8449823 
245;0.65759425;0.60450901;0.32756727;0.5044364 ;0.9916245 ;0.98571039
246;0.20357241;0.21916825;0.64070343;0.77582535;0.08055018;0.63059197
247;0.63527366;0.48571335;0.13939817;0.21249884;0.39017615;0.19482627
248;0.77706462;0.66035748;0.81664896;0.46803589;0.2036489 ;0.13630111
249;0.71253634;0.08262978;0.6935415 ;0.94907374;0.95683021;0.0508844 
250;0.27641708;0.06833122;0.69899287;0.05398136;0.40562223;0.16593659
251;0.15788445;0.06352554;0.31585491;0.50545422;0.83232269;0.85612997
252;0.38943897;0.94576784;0.39607898;0.2402126 ;0.89285545;0.18548344
253;0.3597532 ;0.67924083;0.58881531;0.05772487;0.03261811;0.55454977
254;0.08205762;0.478923  ;0.0480793 ;0.53489732;0.59875713;0.15510123
255;0.69721196;0.11066708;0.02452487;0.64121701;0.08046977;0.16065123
256;0.71210032;0.01543042;0.66122025;0.15724371;0.63811622;0.41559544
257;0.96784539;0.58912142;0.67804824;0.75038651;0.71351295;0.40347509
258;0.72742139;0.63960818;0.34577239;0.68338479;0.77974971;0.83796562
259;0.1029095 ;0.5803829 ;0.13124432;0.61976715;0.74436815;0.86786988
260;0.60543976;0.37891727;0.12280775;0.21997952;0.03499194;0.14742641
261;0.98271189;0.31277364;0.75228835;0.59719693;0.55447198;0.74246816
262;0.71322616;0.61812983;0.06679025;0.38659852;0.75104414;0.86358937
263;0.59386087;0.89443357;0.23859788;0.18907741;0.84662319;0.47856988
264;0.16880859;0.26807297;0.62126944;0.81171076;0.74110594;0.68537696
265;0.75022299;0.70118618;0.67893331;0.70722965;0.68044911;0.65535789
266;0.58376154;0.52080219;0.73910819;0.11754487;0.88514088;0.90186756
267;0.59830872;0.51219974;0.94129444;0.05140683;0.78670541;0.7959197 
268;0.65349557;0.83227538;0.58555314;0.45017492;0.15181026;0.6316522 
269;0.09357452;0.64340636;0.5663253 ;0.71719906;0.09029963;0.24735552
270;0.26248388;0.01419169;0.73293841;0.6658238 ;0.62211989;0.72630168
271;0.91490007;0.85817993;0.48844575;0.69292416;0.43266247;0.07686853
272;0.95722645;0.06700777;0.16488853;0.15992624;0.23551156;0.00644134
273;0.33660136;0.87105075;0.02356391;0.72536642;0.33027415;0.99885808
274;0.66804983;0.81590162;0.44382076;0.75471636;0.95549188;0.08270759
275;0.93039314;0.47967594;0.99583417;0.40810233;0.35704907;0.51543849
276;0.40519691;0.21529615;0.85591766;0.86754207;0.11679925;0.05778834
277;0.69960746;0.73556172;0.50784952;0.74680311;0.42767415;0.48091405
278;0.86051686;0.26148371;0.29277315;0.35394932;0.56922438;0.69677196
279;0.35399709;0.83331571;0.26411849;0.97466951;0.23135994;0.9862995 
280;0.04670964;0.72100041;0.04871919;0.34260772;0.26885398;0.88615196
281;0.86369522;0.63181189;0.05220755;0.58129134;0.13201158;0.15305465
282;0.80132019;0.44638501;0.93436201;0.14379506;0.9259953 ;0.7092817 
283;0.81030688;0.29329508;0.34410235;0.63954202;0.28136787;0.68241154
284;0.3970549 ;0.74383324;0.9066662 ;0.86125711;0.49380644;0.77758444
285;0.3955593 ;0.97507322;0.07996112;0.77009646;0.28724268;0.75818249
286;0.01619145;0.76863001;0.44316869;0.04613064;0.32238311;0.00538925
287;0.98206095;0.71100894;0.33966569;0.2664056 ;0.32159121;0.0634669 
288;0.4478649 ;0.83448838;0.73496689;0.59780237;0.24650688;0.3452168 
289;0.41608024;0.4474223 ;0.12635094;0.06732879;0.59548786;0.18192844
290;0.7006491 ;0.82858269;0.27864257;0.84642758;0.82823054;0.84521402
291;0.03338585;0.57657518;0.49786604;0.42812513;0.28203528;0.21880312
292;0.48532606;0.10399525;0.38329251;0.52390835;0.2531447 ;0.01594729
293;0.03714017;0.30300987;0.86867846;0.84895276;0.8793656 ;0.04369945
294;0.08447594;0.27567009;0.83980077;0.03436347;0.82069561;0.24294403
295;0.85328899;0.05246358;0.45904009;0.11721531;0.00691274;0.85458274
296;0.55758839;0.71360746;0.17580208;0.03321896;0.68200388;0.37140569
297;0.01239839;0.60707302;0.25397182;0.31271883;0.69364162;0.04613933
298;0.671467  ;0.04543012;0.3217095 ;0.68651907;0.68171341;0.69033254
299;0.07694122;0.84273609;0.13549995;0.21463723;0.75790169;0.7012131 
300;0.7562891 ;0.27738925;0.13900679;0.02954017;0.96369164;0.52643931
301;0.3253362 ;0.515522  ;0.29094212;0.94898869;0.65261103;0.14117749
302;0.41733249;0.20433389;0.68273076;0.35483939;0.18091642;0.67969097
303;2.64548667e-04;2.84210302e-01;8.08927620e-03;8.32898206e-02;5.17117962e-01;8.08873282e-02
304;0.92738137;0.59673288;0.23102311;0.59292002;0.58223258;0.77989291
305;0.55664266;0.51797027;0.51470089;0.24629151;0.94178597;0.22260454
306;0.04481382;0.05125428;0.76328907;0.75003481;0.62848358;0.42462351
307;0.61800007;0.63800027;0.02672418;0.66542438;0.43402013;0.48947539
308;0.8197698 ;0.24063633;0.74090216;0.30221453;0.52917695;0.0144702 
309;0.02133208;0.38979449;0.9193677 ;0.89796694;0.38908277;0.60690148
310;0.10197077;0.22893919;0.44212843;0.56985284;0.88933026;0.88595162
311;0.44685575;0.55803087;0.44675791;0.22058397;0.08868364;0.32935569
312;0.31756503;0.25429955;0.2949856 ;0.28141164;0.07842444;0.01224379
313;0.65258437;0.60458985;0.76083716;0.53670854;0.44431648;0.93777814
314;0.5842864 ;0.31733517;0.97058339;0.0894976 ;0.15576221;0.8627893 
315;0.6674592 ;0.22010547;0.78679293;0.34962002;0.78599162;0.02549506
316;0.50940504;0.98486169;0.18185303;0.90457161;0.86011629;0.9492808 
317;0.82944663;0.95634723;0.14592951;0.5009982 ;0.3073575 ;0.46632806
318;0.33469173;0.66454656;0.85623179;0.94798321;0.9375867 ;0.27978456
319;0.19467659;0.62875009;0.61672025;0.90247382;0.56240475;0.34533044
320;0.89017816;0.21408972;0.06599522;0.8516972 ;0.40049842;0.9567276 
321;0.55740021;0.15907242;0.41101408;0.69285106;0.65615745;0.53256354
322;0.50302365;0.43723198;0.20194425;0.87032016;0.15808688;0.51200191
323;0.5597118 ;0.80939753;0.94714237;0.58748609;0.07819855;0.25802097
324;0.63600368;0.20147631;0.27487891;0.45620378;0.0439694 ;0.43528735
325;0.8858999 ;0.71796899;0.39433146;0.22650473;0.03322316;0.79425993
326;0.09209391;0.67456845;0.22592795;0.40200599;0.86751296;0.24501013
327;0.6895317 ;0.52051326;0.28132045;0.0654686 ;0.67724478;0.27837778
328;0.58666343;0.72300644;0.73584422;0.04981277;0.67535357;0.37950017
329;0.42920971;0.37357392;0.5904731 ;0.07986055;0.37475276;0.13629919
330;0.94932965;0.23492331;0.8554708 ;0.32883   ;0.22729634;0.48785243
331;0.70182777;0.21381088;0.46985619;0.57212825;0.77129753;0.81798213
332;0.2310237 ;0.7603392 ;0.94945695;0.3693347 ;0.57346771;0.4120542 
333;0.72463655;0.92791754;0.31560006;0.57388649;0.92130925;0.75165654
334;0.56720689;0.37428137;0.70506312;0.54066666;0.95538625;0.71748776
335;0.52969622;0.68587696;0.12308816;0.12304945;0.08109518;0.13569584
336;0.04354974;0.85528826;0.35858312;0.35978759;0.16419611;0.91426353
337;0.08636349;0.1864844 ;0.649618  ;0.10040228;0.41075603;0.50440998
338;0.59794323;0.13150295;0.27438186;0.73574923;0.95257788;0.35601606
339;0.80255962;0.51824922;0.43019057;0.61960365;0.24729899;0.94175332
340;0.99396664;0.60057497;0.73530052;0.47797996;0.02114459;0.94861891
341;0.94192362;0.34450383;0.0903795 ;0.71238197;0.54396605;0.17416438
342;0.22688724;0.53019826;0.93290893;0.92108043;0.5999328 ;0.11290662
343;0.56159233;0.80077411;0.89234232;0.52907704;0.35210217;0.57915169
344;0.70339739;0.0695689 ;0.34573239;0.64321495;0.8372523 ;0.42478618
345;0.45243846;0.22357162;0.03657082;0.86082527;0.44350736;0.95333806
346;0.84121246;0.19098347;0.4987758 ;0.16511862;0.55394219;0.18487146
347;0.07802594;0.50775948;0.26908353;0.28007804;0.45254877;0.02778845
348;0.04284842;0.67303145;0.6515943 ;0.03414179;0.97439651;0.37402716
349;0.65335938;0.11191763;0.82782334;0.7396554 ;0.60669224;0.20591277
350;0.48803776;0.06607324;0.11394149;0.73410509;0.39254251;0.34488949
351;0.57766811;0.55141978;0.47591512;0.17081982;0.62101358;0.97466919
352;0.49492593;0.37845926;0.47462606;0.15123929;0.48401352;0.77869992
353;0.67082474;0.94483405;0.22156076;0.38165474;0.79961162;0.26041754
354;0.31699852;0.68098214;0.91944064;0.81872101;0.32271316;0.76427123
355;0.35156432;0.7561338 ;0.52100736;0.68611943;0.88791608;0.83392289
356;0.89040935;0.96823584;0.63210493;0.8439822 ;0.34141188;0.83092525
357;0.29782558;0.87639647;0.82198509;0.38686042;0.56115893;0.52408605
358;0.9337666 ;0.05268289;0.35126075;0.04588875;0.81288056;0.59784829
359;0.56901148;0.19884087;0.98902938;0.72122734;0.23639985;0.4432384 
360;0.36827437;0.41690029;0.47890028;0.57030432;0.97541541;0.96533551
361;0.4619859 ;0.46105395;0.44551142;0.78324685;0.13414979;0.00100517
362;0.42815352;0.06536134;0.13956864;0.43930753;0.36146231;0.43303536
363;0.91877355;0.63196721;0.90348917;0.93948086;0.77837277;0.52232079
364;0.40675906;0.08846877;0.56286352;0.67226477;0.83922546;0.84362265
365;0.44486317;0.26892052;0.36213275;0.56564792;0.23251832;0.33429803
366;0.09147585;0.73211437;0.41584585;0.29687636;0.93550637;0.94372202
367;0.17408224;0.49709256;0.15194932;0.51999958;0.9598286 ;0.82364029
368;0.59368225;0.82804675;0.56233361;0.03226479;0.63000814;0.36701783
369;4.54324880e-01;2.61253654e-01;2.61310757e-01;8.62761956e-01;4.13648528e-04;9.59442020e-01
370;0.19065347;0.65927651;0.26587165;0.00823379;0.70289602;0.52768614
371;0.41526864;0.26018639;0.62810623;0.5361114 ;0.43945527;0.42326418
372;0.59247815;0.47137972;0.29442472;0.63304747;0.54787432;0.70594208
373;0.35078597;0.28436316;0.07237967;0.39232717;0.59898586;0.4697738 
374;0.08790615;0.27313049;0.65689457;0.76648326;0.42897642;0.71488893
375;0.09046704;0.12271551;0.27375244;0.88242102;0.16588686;0.57800907
376;0.52542214;0.96960946;0.17837194;0.63099238;0.3042759 ;0.66296648
377;0.98673442;0.50421172;0.50826904;0.58873733;0.77638834;0.72559097
378;0.37493609;0.85259951;0.84560189;0.14990058;0.09312609;0.48070579
379;0.35317959;0.552331  ;0.91675398;0.4056104 ;0.09553435;0.01018008
380;0.22492337;0.01130546;0.68225325;0.84953015;0.88511436;0.42138641
381;0.28340947;0.76012834;0.8715074 ;0.40293627;0.53431094;0.85761997
382;0.33114586;0.52473104;0.55117672;0.05491187;0.8152934 ;0.46805185
383;0.55605408;0.92177201;0.30816295;0.84258771;0.46576042;0.24286655
384;0.81386416;0.92646937;0.09317208;0.44852037;0.3891274 ;0.84974881
385;0.53604661;0.78600774;0.1240318 ;0.87947028;0.04195788;0.9182382 
386;0.78357103;0.05031769;0.7082572 ;0.15415516;0.44391082;0.75691015
387;0.7852331 ;0.822784  ;0.4718191 ;0.39072763;0.22304701;0.72574978
388;0.57353843;0.0762871 ;0.27076181;0.8533406 ;0.76648983;0.82888427
389;0.37494222;0.30852577;0.84947563;0.60777305;0.17442766;0.60229608
390;0.4409273 ;0.41251317;0.08821931;0.71860203;0.14040117;0.7384633 
391;0.88705199;0.2224457 ;0.65418797;0.37496241;0.63482824;0.33048801
392;0.63634187;0.23076136;0.00428766;0.3000771 ;0.9350327 ;0.72357826
393;0.17315737;0.36347573;0.3086198 ;0.36899436;0.6639376 ;0.08704809
394;0.83684133;0.41748101;0.10173155;0.93648194;0.6134894 ;0.28785307
395;0.6241466 ;0.23145154;0.29898395;0.79890078;0.34770116;0.65303523
396;0.72147115;0.75018763;0.61615403;0.28188413;0.00618332;0.31692133
397;0.61258122;0.16932348;0.42394446;0.30859366;0.77039828;0.54350683
398;0.90207852;0.49307089;0.12671755;0.62858343;0.6430286 ;0.51731883
399;0.64133118;0.30339796;0.53971694;0.57694344;0.11274928;0.96387127
400;0.57136342;0.67410583;0.60355451;0.9679959 ;0.84051955;0.1456511 
401;0.96437574;0.41403823;0.18302512;0.03615709;0.77236932;0.1214982 
402;0.99886499;0.93970065;0.29452901;0.81546558;0.64955271;0.3789234 
403;0.75389052;0.34218828;0.0847535 ;0.42346451;0.28443417;0.07348249
404;0.45197787;0.62978845;0.40728955;0.58393986;0.01798431;0.52249944
405;0.66427286;0.11755226;0.24360952;0.91012446;0.49742426;0.93251465
406;0.4930173 ;0.56540729;0.19605963;0.41998975;0.31324267;0.826681  
407;0.06308494;0.31313841;0.92798139;0.06074006;0.54893772;0.49902349
408;0.65683379;0.9576892 ;0.40608139;0.47924524;0.13813912;0.02321302
409;0.37937536;0.84000112;0.09016962;0.8251172 ;0.67306566;0.71547022
410;0.46333859;0.28220813;0.43308736;0.45610061;0.78303602;0.95308887
411;0.21294334;0.12353077;0.12587159;0.65282969;0.7568997 ;0.84135319
412;0.30636558;0.31047422;0.82895699;0.14561814;0.41589901;0.12717179
413;0.2245249 ;0.67182538;0.89239289;0.75089702;0.2877916 ;0.26473299
414;0.97619069;0.81837688;0.2827148 ;0.58172116;0.6622359 ;0.20825767
415;0.12325878;0.68157364;0.12393299;0.95865353;0.76935829;0.97256143
416;0.41620464;0.34510034;0.52913649;0.21704469;0.85803813;0.42851404
417;0.11985014;0.24897907;0.03526936;0.72677472;0.09546986;0.12662347
418;0.5708641 ;0.21056039;0.3100191 ;0.56457242;0.73628468;0.30542598
419;0.38838726;0.21833662;0.02608747;0.39870157;0.89966217;0.82815969
420;0.16735466;0.86584529;0.80456227;0.0760196 ;0.17964496;0.72702015
421;0.59527589;0.50539186;0.94120558;0.67404746;0.37057243;0.9318688 
422;0.15847914;0.83725777;0.84940394;0.85973165;0.9204948 ;0.45346444
423;0.31074237;0.84883444;0.79546905;0.90481583;0.19390724;0.25126824
424;0.35595664;0.53870075;0.33480897;0.46861928;0.71870613;0.32565698
425;0.35460511;0.38626452;0.04350667;0.91087061;0.42639572;0.29156292
426;0.11694054;0.02543323;0.5984388 ;0.88347553;0.78024573;0.80800045
427;0.51432601;0.83975697;0.37249752;0.06207871;0.79393639;0.98153297
428;0.91365028;0.59582393;0.47557251;0.2926353 ;0.39801683;0.42423202
429;0.69618179;0.35251687;0.13327952;0.66451797;0.20484485;0.73632551
430;0.70344074;0.28360316;0.31867106;0.50879378;0.45790435;0.7897718 
431;0.92148229;0.07991051;0.10825369;0.4092451 ;0.96971565;0.29418469
432;0.84505127;0.47051709;0.69941179;0.61424294;0.97872372;0.86988803
433;0.55718517;0.48700942;0.51686011;0.97901056;0.62364944;0.50709951
434;0.22958133;0.97148599;0.19262701;0.27690471;0.54071486;0.15224174
435;0.8488616 ;0.57641186;0.03544781;0.95386789;0.60518273;0.90627768
436;0.03455764;0.22751127;0.44387168;0.34425139;0.56155894;0.09172504
437;0.90489977;0.09822647;0.74430123;0.74621116;0.01679263;0.29001541
438;0.5142375 ;0.07091013;0.36908253;0.28907357;0.95641406;0.75359737
439;0.39576451;0.02344199;0.78870738;0.41113653;0.97616623;0.0197167 
440;0.16212528;0.28483349;0.30610166;0.57315812;0.38172616;0.38860578
441;0.7361612 ;0.2609593 ;0.74535273;0.76952456;0.85041869;0.31636756
442;0.65912396;0.68621717;0.11713386;0.13398414;0.8140214 ;0.91167274
443;0.60333513;0.21118195;0.48219335;0.84496687;0.67926726;0.7127834 
444;0.62627455;0.86457269;0.71115689;0.82119623;0.53146995;0.4909001 
445;0.68579457;0.56507407;0.23122141;0.4064692 ;0.10140704;0.96204096
446;0.03359184;0.78462248;0.91927094;0.71769984;0.09831411;0.41806115
447;0.73176183;0.61646784;0.21578572;0.17188223;0.76178478;0.85300083
448;0.91642373;0.06748509;0.94617187;0.52551044;0.38578326;0.76952068
449;0.67300708;0.61690326;0.21385115;0.44414447;0.82837796;0.92340723
450;0.95241185;0.02640722;0.98790871;0.59715252;0.17937296;0.51968318
451;0.76857089;0.75774732;0.09720046;0.49062953;0.41732578;0.38603672
452;0.43171948;0.33083064;0.06713   ;0.57876323;0.77719025;0.96953957
453;0.02660094;0.908653  ;0.22669975;0.21322776;0.41177836;0.78694166
454;0.8199203 ;0.26295968;0.55593288;0.24750091;0.40754893;0.34875027
455;0.08024182;0.30506976;0.55508522;0.86417348;0.23438282;0.05388391
456;0.05087168;0.24817857;0.15562449;0.85079036;0.20754766;0.44377949
457;0.68663267;0.95012677;0.42850504;0.75176666;0.52796496;0.38871193
458;0.29179172;0.83880402;0.44030993;0.97487067;0.66838439;0.4431295 
459;0.17506854;0.29493741;0.40399357;0.48152666;0.33052325;0.0897441 
460;0.54330835;0.90642408;0.09251738;0.53481175;0.67293424;0.44120429
461;0.03463192;0.9951192 ;0.501751  ;0.3257858 ;0.14300484;0.5218553 
462;0.7296025 ;0.56393423;0.87638918;0.49132191;0.59880865;0.19999845
463;0.75376574;0.4770023 ;0.63007424;0.09421749;0.78076796;0.28821184
464;0.7975167 ;0.07313439;0.54420011;0.70036365;0.31338013;0.41522737
465;0.22975583;0.22725258;0.87411318;0.56274918;0.35848428;0.80904353
466;0.70728013;0.58184063;0.55265932;0.78660041;0.95145546;0.66156492
467;0.00777432;0.239506  ;0.76358761;0.95688367;0.09811477;0.38533905
468;0.19891918;0.19284463;0.73263083;0.5422299 ;0.22433695;0.72160182
469;0.26198899;0.43241764;0.62016266;0.04210111;0.78279781;0.7201992 
470;0.19512835;0.46995423;0.69828494;0.30418796;0.75289934;0.11695752
471;0.99194432;0.37106724;0.17301016;0.50803263;0.65786428;0.01203008
472;0.12558501;0.43779413;0.92362074;0.36228839;0.12311003;0.99849835
473;0.55807657;0.89013872;0.89441065;0.73340609;0.77500779;0.89775931
474;0.90869697;0.83605891;0.28068882;0.74411375;0.67592164;0.10402576
475;0.952936  ;0.86220389;0.13860903;0.91361546;0.15114495;0.90493312
476;0.96272407;0.12145076;0.70368962;0.2031047 ;0.55182188;0.18230582
477;0.16152754;0.51685643;0.02301046;0.35454378;0.96561208;0.27280875
478;0.68714579;0.52232745;0.23305894;0.70722051;0.97020998;0.88052261
479;0.7254652 ;0.26248847;0.3519767 ;0.77917817;0.17010853;0.0477638 
480;0.65291859;0.66761738;0.01751585;0.06403435;0.53710521;0.58914696
481;0.36439639;0.80738904;0.27866455;0.41563207;0.50154423;0.86252477
482;0.87396731;0.09043944;0.88831387;0.403253  ;0.45232809;0.197013  
483;0.71241138;0.15607469;0.53076395;0.8776597 ;0.86402242;0.50277693
484;0.08659922;0.04844984;0.09111236;0.98954831;0.73430419;0.32976737
485;0.19683472;0.65371082;0.16453965;0.70173196;0.5079605 ;0.99985274
486;0.42821662;0.24566767;0.33987892;0.74009017;0.55014198;0.74080839
487;0.95577007;0.55872327;0.49664041;0.71959721;0.49066504;0.64094311
488;0.2453546 ;0.2518295 ;0.39967028;0.75658775;0.82638912;0.73706145
489;0.40523102;0.93272236;0.10995607;0.84936995;0.3084814 ;0.33336072
490;0.65613671;0.48989722;0.51791275;0.16055359;0.18592828;0.49898997
491;0.74002874;0.19164571;0.55012947;0.57687001;0.39919034;0.98632447
492;0.87355555;0.75732779;0.11466313;0.07981252;0.81428723;0.5322122 
493;0.12902675;0.8434033 ;0.59552359;0.42366894;0.80679542;0.41782782
494;0.75443747;0.09871615;0.47506113;0.40084934;0.10869793;0.37185641
495;0.27304016;0.41717125;0.06163968;0.76605589;0.46355216;0.35991368
496;0.7366144 ;0.42879535;0.44142278;0.9948528 ;0.7067307 ;0.68278347
497;0.67015609;0.16772757;0.50464071;0.38782596;0.87013974;0.59743922
498;0.4679533 ;0.47208665;0.99600565;0.04500408;0.69366096;0.32884544
499;0.43919003;0.07268094;0.60916438;0.99676866;0.38091581;0.32633758
500;0.59767491;0.94174287;0.9519158 ;0.36040781;0.79205375;0.22078661
501;0.56722774;0.84167367;0.91823055;0.93966852;0.94666606;0.75397489
502;0.79421224;0.11784173;0.29707362;0.41161387;0.81334542;0.14631414
503;0.01445729;0.72032989;0.44816215;0.96995669;0.90930903;0.14885878
504;0.44833614;0.0980996 ;0.39195473;0.48453886;0.35180632;0.97342687
505;0.18667742;0.01083601;0.62218769;0.46260289;0.90849078;0.80679437
506;0.21403684;0.85560092;0.11346274;0.73289904;0.61572546;0.47480117
507;0.67267487;0.75666747;0.29044963;0.94613808;0.25462974;0.51126356
508;0.68344696;0.3013176 ;0.4848566 ;0.51609388;0.77542723;0.26982567
509;9.58554993e-01;5.43793165e-04;4.81474236e-01;6.24997731e-01;6.09927874e-02;4.90326399e-01
510;0.30196269;0.21140625;0.30091706;0.75077011;0.83171186;0.84149707
511;0.58401638;0.13891447;0.19481389;0.71110345;0.09197935;0.86354856
512;0.76883601;0.38738423;0.60317342;0.47978615;0.03830537;0.09471974
513;0.19098451;0.71173667;0.6188393 ;0.80169866;0.46857629;0.40245705
514;0.82039088;0.15136341;0.22500566;0.55684584;0.95179025;0.32307116
515;0.98535326;0.34932883;0.45567397;0.65514422;0.0400984 ;0.34309545
516;0.66377278;0.2016025 ;0.57595334;0.34676837;0.42090313;0.55671752
517;0.45234688;0.54836572;0.20891021;0.7329595 ;0.68955516;0.05926069
518;0.96669299;0.59539744;0.06229393;0.3958672 ;0.7254078 ;0.07699809
519;0.00921304;0.98940968;0.39574863;0.92033143;0.76025786;0.78386372
520;0.27491413;0.50489838;0.47496599;0.67320482;0.48446588;0.64574888
521;0.25301466;0.85087501;0.71433516;0.78444106;0.29538363;0.12514664
522;0.13672841;0.65624734;0.30058455;0.51707096;0.1189915 ;0.73793009
523;0.92724104;0.14038016;0.31114633;0.36827971;0.50739799;0.3290999 
524;0.7408622 ;0.07689871;0.43003816;0.05039546;0.9528764 ;0.62948343
525;0.03016288;0.89851398;0.41477534;0.37103735;0.65246456;0.29233627
526;0.66085433;0.12076154;0.60151933;0.3727684 ;0.24277482;0.41620025
527;0.09522009;0.48993874;0.62779806;0.73263399;0.21513337;0.0158739 
528;0.5459748 ;0.05100815;0.61783946;0.76544617;0.91971131;0.52269134
529;0.71769844;0.45609158;0.41755787;0.10133551;0.52936487;0.4137014 
530;0.95336328;0.06558718;0.01397034;0.35227009;0.27695046;0.62091277
531;0.52207623;0.99064784;0.46444822;0.42353533;0.58982564;0.30141923
532;0.95309683;0.89983246;0.40021227;0.08432249;0.48537677;0.90733935
533;0.5070867 ;0.65867672;0.62353142;0.16603024;0.52843142;0.26107933
534;0.41719192;0.97651134;0.58293742;0.25472909;0.44082266;0.68505587
535;0.80164439;0.79653203;0.29063982;0.5428192 ;0.12386831;0.42750739
536;0.91993647;0.09678927;0.78762939;0.08847895;0.42718187;0.8272028 
537;0.0118833 ;0.65800546;0.22989379;0.39801669;0.19691964;0.04683947
538;0.65296242;0.61010903;0.58926918;0.81520972;0.24348   ;0.00426947
539;0.64332974;0.03413917;0.21461221;0.41516159;0.57954597;0.20464933
540;0.22053039;0.09400862;0.78738123;0.9326662 ;0.27039024;0.70809818
541;0.78332647;0.88153926;0.34712344;0.01200053;0.1646081 ;0.336139  
542;0.40287109;0.33388091;0.18563228;0.09202675;0.73820823;0.06130575
543;0.55956733;0.39449207;0.3535868 ;0.53176516;0.81422162;0.99565325
544;0.78769864;0.5858032 ;0.61211019;0.90061226;0.23875381;0.21130105
545;0.22856276;0.51555299;0.3801389 ;0.87605802;0.50701002;0.87967496
546;0.01475712;0.79185021;0.93728446;0.11567684;0.96406813;0.96110206
547;0.38572286;0.2494537 ;0.70026374;0.79008218;0.88351899;0.70432941
548;0.7621647 ;0.5551611 ;0.93029955;0.16005945;0.40983363;0.5764668 
549;0.36844058;0.92707747;0.20551357;0.98765865;0.74580066;0.716078  
550;0.15344391;0.78213551;0.82761364;0.25667911;0.69074153;0.44952245
551;0.3304914 ;0.1465342 ;0.26405683;0.44803804;0.01434568;0.18424223
552;0.76538944;0.84024819;0.67299335;0.6035259 ;0.25714598;0.87898309
553;0.97528435;0.16611469;0.91745132;0.74814909;0.51481178;0.29777017
554;0.75766307;0.44933609;0.88749318;0.6223473 ;0.0290836 ;0.03849447
555;0.16135731;0.89107237;0.05704796;0.89501245;0.59552187;0.43010091
556;0.73067042;0.4148774 ;0.65455334;0.6772032 ;0.83755005;0.39444418
557;0.57731942;0.37269032;0.91312134;0.06879761;0.45633184;0.33067438
558;0.11502828;0.10427458;0.79160528;0.28401125;0.38875653;0.43902449
559;0.22898115;0.38905395;0.00847713;0.69410733;0.20724115;0.67019588
560;0.32492128;0.37627204;0.57463894;0.30473487;0.97048747;0.68086838
561;0.89296969;0.89356333;0.57300699;0.19783116;0.76573844;0.69908689
562;0.15382162;0.69621795;0.36061352;0.47515913;0.42941381;0.16578692
563;0.25455795;0.0704109 ;0.44811778;0.78167717;0.15857421;0.15161625
564;0.53591643;0.66049485;0.77079506;0.52997681;0.12296279;0.62418788
565;0.11842336;0.59218511;0.46280907;0.75942925;0.65940391;0.52464016
566;0.79897062;0.89073039;0.20170564;0.94386703;0.0503912 ;0.85469282
567;0.73987105;0.77981627;0.23485929;0.74358252;0.52618987;0.91440723
568;0.08060296;0.00730125;0.82582372;0.37507436;0.67000072;0.78224627
569;0.11487394;0.09042248;0.2773414 ;0.85412954;0.87773838;0.90201467
570;0.87273797;0.92346517;0.79891401;0.33790243;0.36212294;0.07028583
571;0.25182309;0.70171477;0.09807792;0.81100997;0.08946554;0.96828306
572;0.4967627 ;0.56400745;0.15025875;0.0127914 ;0.39827529;0.37648037
573;0.17176075;0.80636405;0.67895796;0.14893121;0.99618691;0.14411762
574;0.73472921;0.66931493;0.60242429;0.60003231;0.82288997;0.94800042
575;0.42478874;0.2576497 ;0.86118014;0.68130257;0.20374525;0.51558423
576;0.56685789;0.89134641;0.40572427;0.25649467;0.57584121;0.6846176 
577;0.86444383;0.69640283;0.87449735;0.06933316;0.80538891;0.74129271
578;0.67803859;0.45813193;0.65578416;0.93689185;0.88387495;0.76466972
579;0.27603519;0.36719031;0.42360432;0.13395052;0.78524001;0.32906445
580;0.83293309;0.72978537;0.15690121;0.6825626 ;0.60107996;0.36735996
581;0.80972863;0.84521659;0.84071088;0.92963462;0.37129081;0.26178016
582;0.88063772;0.74810608;0.58342155;0.52723537;0.53751419;0.90334256
583;0.11979237;0.69625848;0.3126215 ;0.93131858;0.54996754;0.34721592
584;0.78529002;0.44498974;0.7493077 ;0.94093469;0.79726795;0.61966815
585;0.9919869 ;0.31553098;0.70463539;0.3223303 ;0.58029027;0.48155295
586;0.66586307;0.52111272;0.15883044;0.69152453;0.15577659;0.57885824
587;0.01887119;0.6293366 ;0.94086396;0.14919468;0.14788677;0.84860464
588;0.59460249;0.48588362;0.61512141;0.3071252 ;0.33542753;0.50304864
589;0.80186235;0.44791025;0.13049529;0.94099664;0.6166628 ;0.49200151
590;0.37941986;0.73107223;0.08790948;0.89192531;0.99226351;0.82487305
591;0.10465925;0.02129925;0.86854573;0.6701305 ;0.95701543;0.9567688 
592;0.50643788;0.30645489;0.20904517;0.11476218;0.04651027;0.50541326
593;0.97600493;0.95380453;0.03439276;0.17772333;0.82099117;0.18154394
594;0.88080423;0.82988171;0.25271712;0.80963218;0.42915321;0.40979698
595;0.09146687;0.0755002 ;0.19120144;0.3577109 ;0.46174545;0.99007133
596;0.06082733;0.51557605;0.40095612;0.55793367;0.59890532;0.25769282
597;0.14982651;0.67477696;0.79277737;0.37108034;0.54505219;0.41040333
598;0.5638495 ;0.85719269;0.76613227;0.44005718;0.26410641;0.18511093
599;0.62035985;0.87964179;0.50058345;0.34390659;0.65873052;0.19763543
600;0.31266073;0.33196941;0.51668271;0.91480097;0.41073188;0.76051821
601;0.07602922;0.70875041;0.65174946;0.4788559 ;0.27392504;0.00861856
602;0.14443806;0.62959341;0.66007269;0.05335014;0.41116935;0.01806415
603;0.31527803;0.14883373;0.7044288 ;0.13986111;0.8733205 ;0.64599016
604;0.40211137;0.68623293;0.03506618;0.96942604;0.46113621;0.33588375
605;0.73950918;0.09355764;0.29643651;0.49497463;0.86602586;0.01855775
606;0.06630841;0.68500874;0.53131648;0.35229187;0.58653934;0.21816564
607;0.76949183;0.85493497;0.76865713;0.99802986;0.2640871 ;0.09047166
608;0.04687957;0.87958443;0.88648296;0.27211984;0.44294298;0.60529423
609;0.48824887;0.43055892;0.57946905;0.04939441;0.25903077;0.44602635
610;0.79392821;0.34130016;0.18792085;0.21365462;0.51453188;0.66553798
611;0.52324291;0.04733113;0.15072436;0.93166893;0.62088188;0.63213697
612;0.50114433;0.27083576;0.53352503;0.31230315;0.12463043;0.75814302
613;0.11970889;0.13908528;0.22422167;0.83754393;0.60296637;0.79454913
614;0.36385398;0.02820549;0.78408839;0.24453633;0.79299935;0.0621036 
615;0.42549832;0.60693388;0.31500117;0.07896295;0.23002788;0.68386282
616;0.76347707;0.97389239;0.13119964;0.25504034;0.75840171;0.57202958
617;0.81551469;0.90860341;0.50547759;0.48125759;0.34763415;0.99339309
618;0.10453237;0.39606486;0.81177407;0.60767907;0.41216165;0.85438877
619;0.84885313;0.40007604;0.74824089;0.23840022;0.47310744;0.76133163
620;0.52251781;0.75530239;0.14146635;0.31475701;0.82397309;0.23533177
621;0.72129221;0.37877504;0.60493331;0.27651086;0.47386681;0.82298671
622;0.22802194;0.33796341;0.78782263;0.76690471;0.35068805;0.27307245
623;0.871165  ;0.12830303;0.32316395;0.7609388 ;0.7956154 ;0.64846304
624;0.98722748;0.18949574;0.42602481;0.45729529;0.66543131;0.87832252
625;0.39494257;0.25650677;0.77148323;0.60706375;0.99580414;0.07064597
626;7.98275144e-01;1.32934149e-01;3.06120779e-01;3.77400337e-01;4.35369123e-04;7.18459370e-01
627;0.24474824;0.45315438;0.61029496;0.78694418;0.56361794;0.39627821
628;0.57168136;0.03587044;0.22515062;0.94649522;0.76945574;0.69030639
629;0.08418409;0.12922365;0.90016423;0.71902172;0.9291066 ;0.09914395
630;0.07533308;0.91631705;0.42485713;0.10351303;0.82304891;0.44791579
631;0.75870425;0.92997804;0.02666698;0.48195986;0.77014163;0.51251471
632;0.50417463;0.53956793;0.43282212;0.72907048;0.25969551;0.04696746
633;0.43112145;0.00349478;0.61810713;0.83962705;0.09785031;0.83389906
634;0.62028278;0.52750031;0.37718659;0.93851967;0.11334205;0.19228628
635;0.34483869;0.07206745;0.08039299;0.02713925;0.9443807 ;0.06131041
636;0.03375264;0.66233813;0.77003319;0.63779041;0.89017524;0.19509917
637;0.14171695;0.21097029;0.70997727;0.76349287;0.69380214;0.57216476
638;0.86665613;0.89719512;0.125979  ;0.03549742;0.29148607;0.46434495
639;0.01748502;0.5086214 ;0.47341718;0.19231548;0.35447876;0.12343753
640;0.24789268;0.43483718;0.44267254;0.57828425;0.31056157;0.75369791
641;0.26758111;0.05934177;0.81469739;0.40171934;0.9011412 ;0.99593024
642;0.20311389;0.7919724 ;0.46674528;0.17294616;0.39489422;0.96088789
643;0.01255359;0.60933771;0.01201476;0.72700171;0.47772988;0.40579872
644;0.7831431 ;0.09122919;0.11950737;0.50391745;0.92665841;0.17495088
645;0.68653771;0.9823336 ;0.63248359;0.42916191;0.42360528;0.66051491
646;0.07915559;0.75992534;0.12519034;0.242278  ;0.47932084;0.04633394
647;0.58492089;0.06533904;0.41714315;0.54342384;0.4413956 ;0.47554388
648;0.81012006;0.23743179;0.83615671;0.33569119;0.76074276;0.2469611 
649;0.09509592;0.60627049;0.21552969;0.93953856;0.29974892;0.63157195
650;0.38904344;0.02714233;0.45383674;0.55158907;0.26719491;0.43642987
651;0.36516623;0.56363224;0.49258425;0.85119268;0.59703654;0.85762709
652;0.63368622;0.47569969;0.86780779;0.20271322;0.96234801;0.52684803
653;0.88586294;0.65635889;0.90799415;0.92561464;0.69323045;0.72009932
654;0.07787671;0.56015331;0.14421744;0.96141512;0.00449937;0.74640327
655;0.984878  ;0.833663  ;0.6419739 ;0.91350414;0.41499263;0.04215793
656;0.81399278;0.06667711;0.55704036;0.631231  ;0.46620208;0.08945848
657;0.20882328;0.10390565;0.61011936;0.89856897;0.66349803;0.63435661
658;0.5919769 ;0.06407964;0.5459944 ;0.90583416;0.05590999;0.43001326
659;0.78795406;0.60429426;0.05082777;0.99857232;0.3082275 ;0.54707048
660;0.77137667;0.53262868;0.4537304 ;0.65968248;0.90610435;0.86576666
661;0.57065091;0.17866661;0.63244768;0.50559558;0.29046755;0.11762244
662;0.90964191;0.25367442;0.73347543;0.14254372;0.78838837;0.64068587
663;0.15602788;0.93277477;0.57635898;0.56793411;0.61022734;0.45816281
664;0.60806712;0.82589226;0.88963631;0.09655656;0.05573059;0.62662236
665;0.00122452;0.03307053;0.84379517;0.24893457;0.99154392;0.9630358 
666;0.23960167;0.48509453;0.82401657;0.57434481;0.55853143;0.83698663
667;0.52290687;0.97059812;0.82831951;0.0737048 ;0.99554881;0.62608344
668;0.29205217;0.52777746;0.4272265 ;0.96370708;0.29909461;0.76018223
669;0.74159691;0.48190689;0.35521854;0.99625308;0.90626147;0.39399302
670;0.45217257;0.35293   ;0.52541814;0.70290484;0.32886993;0.21972944
671;0.75843623;0.36886371;0.84520057;0.72533188;0.15912863;0.58591203
672;0.4381811 ;0.02949698;0.3910388 ;0.86610042;0.97277952;0.9569128 
673;0.09625174;0.80231779;0.80774147;0.51897372;0.14684462;0.58097979
674;0.4029969 ;0.68492278;0.79487702;0.99996205;0.25860714;0.87480024
675;0.21434069;0.82090701;0.25973362;0.1148778 ;0.19043421;0.8516583 
676;0.31366113;0.97074924;0.04732958;0.07950642;0.76241916;0.48619227
677;0.33716359;0.11299902;0.41790392;0.33425266;0.93424652;0.70591478
678;0.96364009;0.15317839;0.71112148;0.39402422;0.25656374;0.29793983
679;0.1590518 ;0.78778476;0.15667685;0.20809149;0.53318454;0.68721161
680;0.82804037;0.74738731;0.76543301;0.87413688;0.25196905;0.14775068
681;0.77176826;0.64086993;0.96163908;0.49043896;0.64978487;0.40889042
682;0.69824539;0.95262522;0.68360716;0.30293575;0.51502448;0.67793201
683;0.39700106;0.45840957;0.27666024;0.43904722;0.94011136;0.84097584
684;0.83684048;0.45837465;0.00552349;0.6265561 ;0.81138578;0.92238088
685;0.98200833;0.55142195;0.48899543;0.05470941;0.7536215 ;0.19747774
686;0.51877013;0.34844497;0.26732465;0.12046193;0.88850266;0.77652628
687;0.23163624;0.96447981;0.26464101;0.95272186;0.08106407;0.60662551
688;0.49063376;0.01452392;0.14106419;0.15147831;0.16438577;0.94134686
689;0.02554601;0.99778106;0.86588005;0.72359867;0.97542801;0.13589393
690;0.40376693;0.2884996 ;0.80536443;0.50695969;0.40789655;0.86312595
691;0.60105889;0.15730108;0.99582574;0.14849194;0.0107467 ;0.86647627
692;0.66732176;0.89559851;0.13313387;0.06498239;0.53931264;0.36986016
693;0.5033678 ;0.36563543;0.83183884;0.60780569;0.96196108;0.08148626
694;0.66985364;0.64910056;0.62485628;0.82815348;0.19198913;0.61819683
695;0.33364412;0.55110932;0.62365614;0.23597115;0.81523551;0.70868515
696;0.88337373;0.31413735;0.35181093;0.7918967 ;0.49112618;0.64881927
697;0.07951539;0.79592144;0.86310772;0.21464085;0.98922696;0.99299117
698;0.29247168;0.44496122;0.96268328;0.15495679;0.64123781;0.05180035
699;0.70856607;0.74910634;0.83408514;0.17747773;0.53722634;0.95377108
700;0.53913156;0.87703024;0.17934435;0.91098009;0.58468488;0.52302937
701;0.93681448;0.99099518;0.32392301;0.16203797;0.90373299;0.36640859
702;0.01926782;0.81873634;0.49717495;0.48158772;0.64547156;0.99043816
703;0.42836776;0.04641393;0.65197858;0.54808705;0.88263377;0.32931469
704;0.67887112;0.25083864;0.03193501;0.16472237;0.00984147;0.49569256
705;0.03521107;0.43516925;0.27151673;0.47453404;0.69250483;0.1504632 
706;0.77504294;0.1789029 ;0.34770421;0.28483425;0.58428142;0.24107557
707;0.61964909;0.17820799;0.43046091;0.9128336 ;0.23871352;0.95093283
708;0.8023694 ;0.90712011;0.08660414;0.83693886;0.27765585;0.11332413
709;0.70490087;0.18251379;0.72296426;0.74253368;0.532948  ;0.23136273
710;0.57453717;0.05148006;0.10336478;0.06175918;0.0651687 ;0.16810507
711;0.37536716;0.80978427;0.77546114;0.18185542;0.99681193;0.61709938
712;0.81879569;0.83528363;0.67164954;0.86370952;0.24705725;0.72699822
713;0.91863828;0.71814508;0.90729233;0.12384792;0.5225403 ;0.92380922
714;0.53389065;0.62579464;0.29518517;0.63968216;0.14932115;0.69619247
715;0.16705675;0.09319151;0.37717322;0.892992  ;0.52267764;0.90267116
716;0.29555871;0.56499512;0.72906869;0.31258109;0.42743161;0.60641075
717;0.991093  ;0.45551709;0.52118352;0.13824689;0.03177284;0.80088894
718;0.76276876;0.73880317;0.63393126;0.79385228;0.76689966;0.15433858
719;0.80677218;0.94100296;0.02090472;0.71341468;0.33609251;0.34902284
720;0.54685486;0.00784047;0.36053692;0.64442545;0.13615622;0.10050835
721;0.85636057;0.83636708;0.75860493;0.65347856;0.77859385;0.19171897
722;0.4846219 ;0.88381763;0.63879841;0.28470637;0.80233668;0.47953192
723;0.47793308;0.37144663;0.11620495;0.93560702;0.321325  ;0.60980441
724;0.69589397;0.74128359;0.34252487;0.44761861;0.05871448;0.24636812
725;0.51265643;0.19040505;0.34646493;0.10355831;0.66899911;0.92161842
726;0.36819777;0.80297658;0.25205905;0.87943551;0.18564943;0.46801382
727;0.79033336;0.08831849;0.37857212;0.88447065;0.72171601;0.6515393 
728;0.96607296;0.21046981;0.5760431 ;0.64955384;0.11202762;0.9379284 
729;0.46877535;0.8278851 ;0.95034807;0.55137628;0.18692306;0.27166049
730;0.86348506;0.05097475;0.32550335;0.1393415 ;0.34705535;0.92273786
731;0.91119163;0.10319171;0.51270283;0.6323327 ;0.27803598;0.22896628
732;0.93446368;0.30199273;0.56681405;0.99942908;0.395526  ;0.46961815
733;0.52467206;0.90652014;0.67374606;0.19147935;0.61610239;0.8002053 
734;2.85704970e-01;8.05373210e-01;7.51050730e-01;8.45459742e-01;1.70242647e-01;8.29630106e-04
735;0.54242879;0.03211468;0.54093891;0.18800906;0.45667716;0.95334187
736;0.11228525;0.78444252;0.53027008;0.93207167;0.81969326;0.30624575
737;0.31782163;0.25493602;0.68271547;0.8835659 ;0.21845103;0.63717883
738;0.31710776;0.19552413;0.47076232;0.84241128;0.73391336;0.50206905
739;0.81448509;0.80351355;0.17798584;0.64326433;0.07994448;0.76098373
740;0.7396593 ;0.10412116;0.40334787;0.27640336;0.60007176;0.58176066
741;0.87296561;0.48105484;0.9098229 ;0.64507718;0.71049985;0.72907935
742;0.55364126;0.52215271;0.4515494 ;0.67370546;0.7229353 ;0.64482558
743;0.66604938;0.20148079;0.63914877;0.05640199;0.22781336;0.60762186
744;0.45510504;0.09099288;0.37013992;0.84178196;0.87657184;0.80678306
745;0.44634354;0.53417226;0.90707354;0.98941664;0.76536748;0.95467032
746;0.17126482;0.92300302;0.83044706;0.61806311;0.15088464;0.66673709
747;0.16448663;0.91189142;0.75822118;0.69784111;0.79270885;0.90225322
748;0.09204691;0.10781523;0.10119654;0.22227458;0.06704356;0.15537208
749;0.3886903 ;0.18181153;0.55858402;0.06559944;0.71076354;0.26365005
750;0.47906979;0.84214748;0.39096942;0.76988031;0.42957017;0.17587674
751;0.20989803;0.76879403;0.28757251;0.53471297;0.76644138;0.89493307
752;0.70379009;0.62393884;0.82433087;0.64208289;0.42176312;0.69332695
753;0.52573265;0.63122525;0.09335877;0.21054212;0.27247143;0.94495413
754;0.6934425 ;0.15658539;0.72112302;0.7246534 ;0.74818458;0.28644308
755;0.14682859;0.10897682;0.96747787;0.39193021;0.70882876;0.71364985
756;0.05074441;0.95559134;0.70605019;0.94108971;0.37842334;0.4445616 
757;0.96579033;0.07151155;0.56910464;0.69908028;0.47873837;0.18503484
758;0.35240984;0.3379122 ;0.42270569;0.74584455;0.64530987;0.94712875
759;0.94524449;0.38545392;0.26245753;0.45571837;0.89136761;0.13546115
760;0.18160302;0.05985877;0.11848521;0.66201772;0.16955032;0.6511296 
761;0.82921114;0.75976581;0.01320606;0.60367553;0.59269615;0.19109429
762;0.63997181;0.15201404;0.33470721;0.90164689;0.18220423;0.91368102
763;0.24138896;0.08114931;0.26340259;0.28005654;0.29367322;0.94121866
764;0.25438903;0.33525229;0.40632945;0.54583051;0.33313739;0.97558248
765;0.75298623;0.0043654 ;0.00748641;0.64686422;0.37231591;0.72737144
766;0.2215635 ;0.04393652;0.7857136 ;0.00532067;0.53653919;0.52357554
767;0.92072092;0.98335271;0.4583092 ;0.44894553;0.75418831;0.94963896
768;0.99906119;0.73715705;0.27611941;0.30551236;0.14153485;0.34683525
769;0.38699838;0.22167415;0.69039691;0.06116761;0.75919122;0.35955968
770;0.50151897;0.7802554 ;0.23320992;0.54043127;0.08262267;0.06384718
771;0.27874139;0.66353823;0.19650823;0.08051467;0.73785488;0.72671014
772;0.1158799 ;0.983424  ;0.00823687;0.41289676;0.86875813;0.70015832
773;0.45793731;0.52706984;0.28006856;0.75174413;0.65727805;0.29790628
774;0.49402824;0.86340556;0.47904168;0.88124476;0.16200705;0.5838871 
775;0.17608665;0.11865356;0.98027854;0.93846737;0.8522516 ;0.45497689
776;0.05748065;0.04915497;0.93810254;0.74930911;0.10263807;0.4257511 
777;0.62158058;0.91643276;0.43821853;0.32243456;0.58559924;0.69704322
778;0.16041536;0.01530467;0.26591343;0.50463672;0.89032716;0.039132  
779;0.69808055;0.7198464 ;0.09299999;0.98793126;0.18782898;0.93909743
780;0.71332627;0.72768001;0.84855304;0.34416   ;0.16061657;0.44955244
781;0.76897784;0.99655346;0.13940254;0.0848822 ;0.90951118;0.11885136
782;0.10017969;0.65244401;0.85594797;0.95332442;0.27568955;0.1017521 
783;0.62043401;0.38032899;0.06306924;0.12140721;0.51557299;0.96643743
784;0.52314837;0.14155642;0.34851867;0.71542504;0.5744046 ;0.35927497
785;0.49136483;0.14231197;0.69670854;0.12383739;0.10670309;0.53222352
786;0.12413085;0.17766121;0.70946145;0.62846795;0.00333887;0.59824262
787;0.54914584;0.43299454;0.63668628;0.96643464;0.28821741;0.48213355
788;0.93199134;0.81070763;0.25951976;0.25510675;0.55108086;0.22404868
789;0.80171675;0.30960728;0.08345573;0.23000645;0.04827252;0.48713164
790;0.89470046;0.56899656;0.71766662;0.430779  ;0.45686151;0.19690993
791;0.88933006;0.26380877;0.94959644;0.42430272;0.03885761;0.48110976
792;0.44339844;0.92207619;0.93628216;0.3489744 ;0.40734498;0.72719094
793;0.87811582;0.84102239;0.07248272;0.69923634;0.3490993 ;0.15786006
794;0.26229641;0.03911753;0.46496158;0.48592646;0.23821451;0.41363274
795;0.10227783;0.02197505;0.52416015;0.92942241;0.70428603;0.13760188
796;0.74416698;0.82560375;0.47029717;0.75427385;0.43570527;0.64792145
797;0.89750099;0.86771847;0.88577682;0.75755931;0.52015205;0.72334771
798;0.39724194;0.15103847;0.8543675 ;0.59332456;0.03570978;0.26283929
799;0.0298998 ;0.87038331;0.93692109;0.30638998;0.86629482;0.27148793
800;0.00701794;0.18060076;0.23395313;0.19534548;0.56407398;0.43662995
801;0.23326252;0.50899258;0.10199199;0.08838726;0.67131111;0.16262434
802;0.9469356 ;0.95023382;0.80141867;0.60938337;0.06698382;0.90184817
803;0.72554775;0.9139778 ;0.40914268;0.88378926;0.63572861;0.55753179
804;0.11977378;0.5359456 ;0.81085808;0.84658479;0.34614816;0.13218225
805;0.46134725;0.7305125 ;0.33935208;0.79879609;0.89936413;0.25975619
806;0.78939341;0.23096806;0.39106074;0.40665484;0.71100333;0.07620857
807;0.53262616;0.89160174;0.46935472;0.18744198;0.9845782 ;0.65835597
808;0.35756316;0.22992822;0.87838712;0.8884209 ;0.70362884;0.78818318
809;0.6148329 ;0.31082543;0.2319085 ;0.01042948;0.94696521;0.2073077 
810;0.99984012;0.98931738;0.18161709;0.016488  ;0.44782163;0.78468887
811;0.45198735;0.17134845;0.57835044;0.06611467;0.53985196;0.64843821
812;0.51089732;0.5381339 ;0.79460727;0.22059791;0.26509492;0.10811418
813;0.44384904;0.93417116;0.05070453;0.46183488;0.55119891;0.1707524 
814;0.94254603;0.89078511;0.53351832;0.31285117;0.04607997;0.63815123
815;0.182421  ;0.79979   ;0.1965792 ;0.9731605 ;0.02971312;0.35187287
816;0.75644633;0.55368158;0.6653453 ;0.2462824 ;0.2312462 ;0.97355029
817;0.61451357;0.83132449;0.51696504;0.60469759;0.54933619;0.42211821
818;0.69588306;0.74988207;0.51012773;0.87070746;0.68954165;0.31602661
819;0.97495855;0.88950865;0.53744829;0.63981453;0.43530754;0.02530374
820;0.5530279 ;0.3712739 ;0.66357118;0.99500869;0.26556968;0.96280317
821;0.77895318;0.92423488;0.58242701;0.52767678;0.59904472;0.35872352
822;0.50704862;0.57323063;0.33007969;0.34604515;0.9097937 ;0.63563204
823;0.70005129;0.88460008;0.74679147;0.52199711;0.52890773;0.12320243
824;0.14769142;0.97335166;0.08787764;0.01662154;0.13406266;0.95417198
825;0.31998691;0.22766653;0.72222908;0.94412348;0.01275764;0.51269401
826;0.07386956;0.10157279;0.61857442;0.18554683;0.83040362;0.53286311
827;0.27811391;0.07949433;0.78892878;0.18066031;0.91247255;0.57943138
828;0.81918331;0.13329192;0.80446939;0.44429154;0.61298617;0.06250867
829;0.29511147;0.31346663;0.90578896;0.87574842;0.8529811 ;0.4600154 
830;0.78279989;0.43772704;0.62326014;0.79777967;0.14603731;0.37046187
831;0.90256351;0.29742385;0.68465973;0.39434817;0.6513741 ;0.55766777
832;0.03361282;0.9753938 ;0.43820888;0.20077269;0.47212673;0.10817121
833;0.71652749;0.08923617;0.48010555;0.27578658;0.95450444;0.21276977
834;0.44072528;0.31734759;0.72831713;0.24858615;0.38538207;0.68619601
835;0.55541064;0.49204229;0.74922242;0.1869202 ;0.9399472 ;0.68493742
836;0.38281529;0.32921707;0.4365965 ;0.36212927;0.14822182;0.24701218
837;0.8038459 ;0.14245392;0.84082597;0.47663419;0.17423085;0.61993269
838;0.67173422;0.83866265;0.2362238 ;0.15605584;0.72964563;0.94939101
839;0.85684825;0.76134853;0.57316022;0.02088708;0.12392039;0.50403548
840;0.73761139;0.18847022;0.6697477 ;0.71830209;0.33137381;0.28658642
841;0.84556576;0.42063165;0.1760241 ;0.82920212;0.1221742 ;0.55770064
842;0.95442699;0.85844912;0.26819227;0.39392978;0.57255021;0.40792099
843;0.55779651;0.55167205;0.72625439;0.35651488;0.32300739;0.47576989
844;0.11837086;0.97540314;0.43818325;0.77162559;0.64572174;0.81656411
845;0.1075308 ;0.43999014;0.94657513;0.25022335;0.46395142;0.83429555
846;0.65093309;0.70384661;0.09447579;0.26598938;0.78297876;0.31398455
847;0.43080962;0.48998356;0.71452914;0.41720705;0.5027224 ;0.19373787
848;0.13666668;0.46533851;0.01748731;0.92189919;0.07906189;0.89272882
849;0.12288442;0.29356523;0.99330195;0.57089864;0.86429021;0.21415121
850;0.68009187;0.89839498;0.35721624;0.13643028;0.03515253;0.48557661
851;0.25264792;0.38931835;0.63965028;0.36663903;0.98310265;0.15752844
852;0.86413212;0.21796587;0.14128056;0.36825717;0.76421719;0.85750683
853;0.50122613;0.49289777;0.99372991;0.10234788;0.60181117;0.90983925
854;0.76191187;0.07856031;0.15676764;0.04752576;0.59775994;0.54648204
855;0.13226249;0.64334924;0.63465651;0.0707299 ;0.0724101 ;0.74953895
856;0.25556137;0.5808855 ;0.15704923;0.98703641;0.60662141;0.8267155 
857;0.92667202;0.53202784;0.29360224;0.89749211;0.66549034;0.77476397
858;0.17131374;0.53628055;0.88658297;0.25656604;0.76789551;0.32018654
859;0.46246284;0.37280543;0.57720928;0.68323198;0.8087162 ;0.37557157
860;0.37043625;0.40368129;0.40892752;0.71249336;0.21262362;0.73517382
861;0.9831013 ;0.12784016;0.96983166;0.64100342;0.82444563;0.28591384
862;0.40374212;0.53268129;0.33339973;0.07387918;0.16136477;0.94227944
863;0.88285759;0.41411131;0.00365579;0.7873154 ;0.33455544;0.29552765
864;0.63959325;0.19239956;0.47719983;0.93589663;0.44737781;0.67092312
865;0.0493993 ;0.12428679;0.7250167 ;0.14025581;0.79127501;0.6077334 
866;0.30790574;0.464567  ;0.25937656;0.46206146;0.64301827;0.80900825
867;0.73348208;0.66054187;0.14793055;0.79470286;0.08348839;0.53125594
868;0.19261931;0.96306446;0.26967781;0.78412688;0.99823927;0.8212972 
869;0.24418834;0.78274358;0.08944592;0.63731678;0.53756793;0.26119409
870;0.6863467 ;0.1074105 ;0.65811722;0.09562242;0.23188563;0.18331753
871;0.37287381;0.96291599;0.68061125;0.97189535;0.33512325;0.2515462 
872;0.16197848;0.34997536;0.49776626;0.2453473 ;0.9707764 ;0.30166416
873;0.12159757;0.06247844;0.83469103;0.16242379;0.96650387;0.39074003
874;0.06138606;0.64411203;0.46109738;0.23291614;0.92416501;0.7492393 
875;0.0051182 ;0.44659619;0.53138221;0.52568462;0.88020455;0.91041363
876;0.63146031;0.87348897;0.39754078;0.12540849;0.56912068;0.99708853
877;0.42020065;0.54459107;0.8608916 ;0.49671836;0.37601408;0.10421801
878;0.93895619;0.43797493;0.48206359;0.10594923;0.99996152;0.26260471
879;0.86384145;0.85000198;0.44724948;0.80777233;0.07813385;0.78526105
880;0.48748719;0.31212442;0.44406012;0.99665006;0.7377726 ;0.89151361
881;0.28635906;0.71407089;0.5380887 ;0.84674192;0.14130206;0.58892893
882;0.6876653 ;0.03607467;0.89666694;0.6527176 ;0.46584384;0.17621611
883;0.54055279;0.03927548;0.58836029;0.72070828;0.16922649;0.36038209
884;0.57322874;0.62876669;0.1616833 ;0.0706592 ;0.20154386;0.3191757 
885;0.19253969;0.42392928;0.44903851;0.32150908;0.70604137;0.18125305
886;0.07503901;0.12035102;0.88781075;0.31219202;0.76958068;0.51923801
887;0.98326726;0.22658844;0.28492663;0.4206394 ;0.7793686 ;0.71748862
888;0.94598309;0.07675086;0.9282824 ;0.51825912;0.86935445;0.1951921 
889;0.16754082;0.80686989;0.6580468 ;0.35069667;0.66500139;0.7700277 
890;0.01448855;0.1976196 ;0.9700277 ;0.48139062;0.2486524 ;0.08520908
891;0.75395246;0.77198396;0.75025979;0.52397744;0.12943681;0.9899116 
892;0.66523532;0.61594767;0.69276262;0.06963794;0.88088965;0.78912527
893;0.360949  ;0.16963151;0.62094133;0.07046996;0.64161964;0.26610441
894;0.5686995 ;0.26350917;0.97204981;0.24108924;0.81153967;0.51597063
895;0.23612536;0.62707676;0.02974687;0.45905009;0.78934473;0.59925004
896;0.42958105;0.67231398;0.68966229;0.29636018;0.61167164;0.87012668
897;0.00160486;0.29183997;0.50399476;0.98842619;0.79797992;0.13285477
898;0.78342292;0.92117288;0.95939706;0.27766751;0.15687959;0.41862623
899;0.12537679;0.13018485;0.33222593;0.20595527;0.50578898;0.29228636
900;0.70817048;0.55120204;0.31641989;0.0787043 ;0.41390664;0.48830612
901;0.31736778;0.34531955;0.61816908;0.39419574;0.71458603;0.70858834
902;0.87114256;0.73888174;0.31853664;0.09607802;0.77863091;0.74326593
903;0.13974037;0.68318441;0.11213879;0.85426178;0.07690049;0.6982644 
904;0.46470521;0.10015634;0.36290355;0.1001575 ;0.82404856;0.5327033 
905;0.42724525;0.18264784;0.40867438;0.04186482;0.12712719;0.52571137
906;0.5072861 ;0.91354537;0.06136375;0.9209433 ;0.71775743;0.4089731 
907;0.62001283;0.62081839;0.05716033;0.25269679;0.62588324;0.16388797
908;0.98170129;0.89120882;0.06130235;0.84289064;0.4135299 ;0.19967019
909;0.65328355;0.5083943 ;0.46564056;0.52960858;0.69256558;0.11423877
910;0.37360102;0.74250568;0.4527202 ;0.82443746;0.05166754;0.57168154
911;0.00764543;0.63565442;0.09113009;0.5741159 ;0.98299638;0.89176626
912;0.74089651;0.98013528;0.219717  ;0.02472613;0.5537826 ;0.16738148
913;0.49524956;0.66292457;0.46279288;0.64220211;0.44774466;0.45491755
914;0.09827028;0.03337087;0.16466749;0.43007029;0.36331953;0.77632347
915;0.33707634;0.27678951;0.57467533;0.3325632 ;0.28804786;0.34080999
916;0.51072346;0.67103062;0.45018209;0.41940346;0.04200388;0.50262642
917;0.87267698;0.77917306;0.21831778;0.80838649;0.89173601;0.6120715 
918;0.11416871;0.92028027;0.93077823;0.76094559;0.84150842;0.20028735
919;0.87302146;0.1422697 ;0.62796516;0.60189413;0.11807213;0.64328533
920;0.80513531;0.16897238;0.87489731;0.91137116;0.8493524 ;0.58333588
921;0.78565808;0.13363796;0.68922889;0.67084275;0.77953513;0.96193822
922;0.52898815;0.42293855;0.76747371;0.18956898;0.66671501;0.96413134
923;0.92667655;0.63650279;0.60464395;0.20858836;0.1501774 ;0.95192173
924;0.01737929;0.46174324;0.15865962;0.52008355;0.86152024;0.60045452
925;0.21844556;0.79970453;0.56421457;0.54812628;0.17226284;0.86792455
926;0.78794101;0.22029673;0.35243638;0.30350098;0.21194649;0.8548578 
927;0.72307248;0.92881593;0.46563267;0.4546576 ;0.96784281;0.07815277
928;0.68602283;0.70670176;0.57586432;0.6417763 ;0.06003922;0.42852569
929;0.23689662;0.27837649;0.66624731;0.34405693;0.86342568;0.06714841
930;0.42002397;0.73549744;0.08800475;0.73422951;0.59022101;0.26453367
931;0.52385959;0.10281329;0.99082641;0.42455111;0.3382928 ;0.16081642
932;0.7032114 ;0.77646067;0.23685142;0.02078412;0.89545594;0.75706104
933;0.72241609;0.7546005 ;0.19122341;0.41991794;0.75195496;0.91584914
934;0.44363154;0.67068517;0.65757227;0.92335386;0.79690443;0.71434027
935;0.77938569;0.58588383;0.4424942 ;0.84603321;0.30057147;0.31484171
936;0.65372442;0.10430752;0.71640374;0.40901608;0.68371021;0.61219795
937;0.90423459;0.2272464 ;0.92448403;0.96694869;0.45505217;0.51316342
938;0.10835693;0.66475259;0.10113848;0.46470832;0.15578487;0.07897318
939;0.04224433;0.81242546;0.39343279;0.4332312 ;0.9046112 ;0.88284988
940;0.597724  ;0.85112167;0.32622406;0.53789369;0.88680538;0.28165289
941;0.09142889;0.93918005;0.06772449;0.91275329;0.13340577;0.23426969
942;0.55240634;0.81647996;0.8543868 ;0.08898096;0.52681243;0.7386448 
943;0.9132962 ;0.56040148;0.28954406;0.40197333;0.73604686;0.96922752
944;0.16570042;0.17970546;0.63922904;0.85560608;0.51959083;0.47645838
945;0.46848532;0.8976033 ;0.16310261;0.70143208;0.56366558;0.25762848
946;0.98625997;0.00844686;0.27483345;0.18207854;0.97395853;0.09633789
947;0.77687285;0.90339147;0.30622387;0.3636732 ;0.38117688;0.53863316
948;0.61477778;0.41416616;0.80007719;0.78138679;0.47222267;0.53909521
949;0.69731432;0.4498502 ;0.40082667;0.00799031;0.74448841;0.22095037
950;0.58305239;0.72590716;0.49761233;0.83931235;0.49444725;0.49537849
951;0.52128334;0.84569501;0.84522697;0.12679504;0.37953971;0.46498493
952;0.3809109 ;0.55637383;0.03829554;0.56219796;0.44301161;0.99001429
953;0.78438274;0.83615854;0.74509017;0.75690309;0.36451668;0.22457196
954;0.80937791;0.65921016;0.96571335;0.87774051;0.2050239 ;0.76056481
955;0.14959767;0.75908078;0.42369575;0.36343947;0.64338022;0.00782822
956;0.10315306;0.48671238;0.60686566;0.24206672;0.51187905;0.24410608
957;0.33740152;0.61726081;0.33651485;0.43114089;0.25475586;0.8867602 
958;0.22093793;0.67933999;0.43317932;0.17844977;0.09074015;0.20767161
959;0.41295211;0.87396155;0.3375167 ;0.59416351;0.10759129;0.26758385
960;0.29021943;0.60440734;0.6488936 ;0.02975099;0.49133868;0.80039852
961;0.93656918;0.21036378;0.5332251 ;0.20511065;0.37408728;0.62096575
962;0.60304425;0.23844059;0.47049097;0.57806601;0.31030638;0.36351226
963;0.26375284;0.76394563;0.15267869;0.0949843 ;0.2010946 ;0.10300482
964;0.11416135;0.73302716;0.3377701 ;0.64743733;0.6478331 ;0.48978504
965;0.91981426;0.14468098;0.70002567;0.85497243;0.95464354;0.9912878 
966;0.78040699;0.1169939 ;0.80347995;0.42981688;0.66467907;0.45860117
967;0.74183052;0.49866085;0.14898251;0.99531062;0.87644006;0.75882385
968;0.81367925;0.51009974;0.38806099;0.57441574;0.71690978;0.42395893
969;0.10542941;0.91138784;0.87447657;0.54796283;0.34727618;0.99829152
970;0.5997016 ;0.4417634 ;0.58305847;0.7668438 ;0.17856832;0.94818673
971;0.93122445;0.79230612;0.51953393;0.78504643;0.41598005;0.55273325
972;0.27098456;0.05793309;0.89930022;0.03642994;0.24384057;0.02133819
973;0.24518057;0.27796112;0.41376979;0.04778067;0.01607589;0.67993789
974;0.17024438;0.12116735;0.21556012;0.90010869;0.10355007;0.95301985
975;0.09763587;0.04682495;0.4146464 ;0.30090997;0.57546434;0.23801425
976;0.60713657;0.64649483;0.29488921;0.71823604;0.55240653;0.15041129
977;0.36792543;0.30038915;0.81366179;0.37294828;0.00957758;0.66420458
978;0.49741846;0.46237004;0.60860024;0.89737187;0.23398549;0.17020694
979;0.97417834;0.09545586;0.35993259;0.91132755;0.78387133;0.20568843
980;0.78363374;0.53246339;0.22529306;0.69618012;0.43792242;0.86499433
981;0.21257196;0.26962042;0.37675898;0.75834038;0.74159373;0.66692255
982;0.31238063;0.00468525;0.02472559;0.6094537 ;0.49993441;0.7987395 
983;0.10972656;0.40845025;0.57511595;0.07925782;0.15602601;0.49174543
984;0.77752177;0.69740654;0.8443036 ;0.82308195;0.80302774;0.56240928
985;0.40823004;0.08181968;0.08758876;0.34153511;0.56968035;0.79273931
986;0.65273231;0.67345352;0.44402925;0.53361264;0.82835725;0.66252225
987;0.763388  ;0.14398393;0.88462194;0.36626275;0.07152758;0.79283008
988;0.28437056;0.269677  ;0.99564774;0.7688058 ;0.75689227;0.98525264
989;0.01099281;0.59333088;0.01599813;0.11108125;0.24336833;0.24049494
990;0.96890364;0.42378699;0.23837586;0.99411535;0.47829226;0.48660547
991;0.6941119 ;0.12104671;0.96934321;0.24747858;0.24372524;0.11588565
992;0.84881626;0.76376079;0.75042255;0.75190048;0.15749022;0.15780906
993;0.0808547 ;0.29738819;0.319649  ;0.82717376;0.89117468;0.6996251 
994;0.2354339 ;0.75533244;0.42877987;0.88909903;0.25308523;0.80245725
995;0.50856279;0.75596602;0.87237944;0.9095757 ;0.63745933;0.18912228
996;0.91895373;0.98772194;0.28921621;0.3252353 ;0.60399756;0.2009236 
997;0.09155914;0.01958368;0.57193536;0.9944379 ;0.91303645;0.88701513
998;0.92962878;0.4769066 ;0.70518448;0.4382401 ;0.15117516;0.68208461
999;0.04766698;0.49805947;0.29849539;0.96807949;0.38207178;0.96736183
